	a	c	g	u
aaa	3	0	0	0
aac	2	1	0	0
aag	2	0	1	0
aau	2	0	0	1
aca	2	1	0	0
acc	1	2	0	0
acg	1	1	1	0
acu	1	1	0	1
aga	2	0	1	0
agc	1	1	1	0
agg	1	0	2	0
agu	1	0	1	1
aua	2	0	0	1
auc	1	1	0	1
aug	1	0	1	1
auu	1	0	0	2
caa	2	1	0	0
cac	1	2	0	0
cag	1	1	1	0
cau	1	1	0	1
cca	1	2	0	0
ccc	0	3	0	0
ccg	0	2	1	0
ccu	0	2	0	1
cga	1	1	1	0
cgc	0	2	1	0
cgg	0	1	2	0
cgu	0	1	1	1
cua	1	1	0	1
cuc	0	2	0	1
cug	0	1	1	1
cuu	0	1	0	2
gaa	2	0	1	0
gac	1	1	1	0
gag	1	0	2	0
gau	1	0	1	1
gca	1	1	1	0
gcc	0	2	1	0
gcg	0	1	2	0
gcu	0	1	1	1
gga	1	0	2	0
ggc	0	1	2	0
ggg	0	0	3	0
ggu	0	0	2	1
gua	1	0	1	1
guc	0	1	1	1
gug	0	0	2	1
guu	0	0	1	2
uac	1	1	0	1
uau	1	0	0	2
uca	1	1	0	1
ucc	0	2	0	1
ucg	0	1	1	1
ucu	0	1	0	2
ugc	0	1	1	1
ugg	0	0	2	1
ugu	0	0	1	2
uua	1	0	0	2
uuc	0	1	0	2
uug	0	0	1	2
uuu	0	0	0	3

