	colCodon	colChem
aaa	12	3
aac	3	2
aag	12	3
aau	3	2
aca	17	2
acc	17	2
acg	17	2
acu	17	2
aga	2	3
agc	16	2
agg	2	3
agu	16	2
aua	10	1
auc	10	1
aug	13	1
auu	10	1
caa	6	2
cac	9	3
cag	6	2
cau	9	3
cca	15	1
ccc	15	1
ccg	15	1
ccu	15	1
cga	2	3
cgc	2	3
cgg	2	3
cgu	2	3
cua	11	1
cuc	11	1
cug	11	1
cuu	11	1
gaa	7	4
gac	4	4
gag	7	4
gau	4	4
gca	1	1
gcc	1	1
gcg	1	1
gcu	1	1
gga	8	1
ggc	8	1
ggg	8	1
ggu	8	1
gua	20	1
guc	20	1
gug	20	1
guu	20	1
uac	19	2
uau	19	2
uca	16	2
ucc	16	2
ucg	16	2
ucu	16	2
ugc	5	2
ugg	18	1
ugu	5	2
uua	11	1
uuc	14	1
uug	11	1
uuu	14	1
